{
  "accuracy_each_epoch": [47.49583333333333, 47.954166666666666, 48.010416666666664, 48.99583333333333, 52.0, 50.8625, 52.233333333333334, 50.78958333333333, 53.1625, 54.12916666666666, 56.889583333333334, 53.25625000000001, 59.32083333333333, 54.489583333333336, 54.03125, 54.5875, 55.51666666666667, 57.50416666666667, 57.206250000000004, 51.87500000000001, 54.15833333333333, 56.04375, 55.24791666666666, 50.824999999999996, 53.90416666666666, 54.295833333333334, 57.05, 67.09791666666666, 58.831250000000004, 65.75833333333333, 69.87708333333333, 67.18125, 65.88958333333333, 71.18124999999999, 71.69583333333334, 71.89166666666667, 75.49583333333332, 73.50416666666668, 74.06041666666667, 75.3375, 73.12083333333334, 70.73333333333333, 71.7, 73.86458333333333, 75.00833333333333, 75.06458333333333, 74.61875, 76.175, 73.86041666666667, 75.70208333333333, 77.39375, 74.77916666666667],
  "training_loss_each_epoch": [-44.24930638074875, -45.61781919002533, -45.64017105102539, -45.67367649078369, -45.754425168037415, -45.89131456613541, -45.969469487667084, -45.95057886838913, -45.97165983915329, -46.00591433048248, -46.056830525398254, -46.0956637263298, -46.15764141082764, -46.136163890361786, -46.17028045654297, -46.17285132408142, -46.1902631521225, -46.24795526266098, -46.25748211145401, -46.27587115764618, -46.31504839658737, -46.307428658008575, -46.322304129600525, -46.35681849718094, -46.33215457201004, -46.39169806241989, -46.46141618490219, -46.60691910982132, -46.758671164512634, -46.927268743515015, -47.0515171289444, -47.132892370224, -47.215585350990295, -47.28041571378708, -47.301490128040314, -47.383872628211975, -47.429387271404266, -47.457701086997986, -47.45078033208847, -47.48253381252289, -47.509957909584045, -47.57943814992905, -47.60862648487091, -47.596708595752716, -47.6207372546196, -47.63159477710724, -47.65576791763306, -47.69421327114105, -47.62648069858551, -47.75682759284973, -47.719928562641144, -47.75402730703354],
  "testing_loss_each_epoch": [-10.94347470998764, -10.950986385345459, -10.956931948661804, -10.966839849948883, -11.026720762252808, -11.021174669265747, -11.045120656490326, -11.022122025489807, -11.058616399765015, -11.065979301929474, -11.056304037570953, -11.079282462596893, -11.063495516777039, -11.08937692642212, -11.092552959918976, -11.103778779506683, -11.111916303634644, -11.119656324386597, -11.137892186641693, -11.123100280761719, -11.12432736158371, -11.130831480026245, -11.132964789867401, -11.136270880699158, -11.142325282096863, -11.168847918510437, -11.20890724658966, -11.162601053714752, -11.248746693134308, -11.357678651809692, -11.415814220905304, -11.391323804855347, -11.389205276966095, -11.358960032463074, -11.46465003490448, -11.45684540271759, -11.474398732185364, -11.450523674488068, -11.472270369529724, -11.43706500530243, -11.489248275756836, -11.488784909248352, -11.49083560705185, -11.502901434898376, -11.508572816848755, -11.516369581222534, -11.537906408309937, -11.525715291500092, -11.551963210105896, -11.542266726493835, -11.480921626091003, -11.550825297832489],
  "tp_overtime": [15921, 15907, 15917, 15904, 15888, 15929, 15912, 15932, 15899, 15853, 15654, 15944, 15492, 15890, 15934, 15924, 15887, 15782, 15843, 16153, 16006, 15911, 15966, 16246, 16077, 16124, 16040, 15063, 16012, 15708, 15415, 15643, 15776, 15030, 15260, 15215, 14634, 14939, 14911, 14526, 15103, 15461, 15339, 15021, 14812, 14829, 14973, 14623, 15151, 14799, 14227, 14977], "fp_overtime": [24646, 24412, 24395, 23909, 22451, 23038, 22363, 23076, 21904, 21394, 19870, 21904, 18541, 21258, 21522, 21245, 20762, 19703, 19907, 22776, 21533, 20533, 20970, 23373, 21726, 21585, 20179, 14379, 19296, 15667, 13397, 14919, 15672, 12386, 12369, 12230, 9919, 11180, 10885, 9887, 11528, 13032, 12446, 11089, 10331, 10321, 10679, 9582, 11221, 9985, 8601, 10606]
}
