{"accuracy_each_epoch": [64.12727272727274, 66.71818181818182, 66.46363636363637, 66.27272727272727, 66.22727272727272, 66.22727272727272, 66.22727272727272, 66.22727272727272, 66.22727272727272, 66.2090909090909], "training_loss_each_epoch": [241.26326513290405, 108.99341627955437, 6.6043824553489685, 5.742378994822502, 5.74994370341301, 5.788840472698212, 5.718706518411636, 5.681264564394951, 5.719577312469482, 5.72378046810627], "testing_loss_each_epoch": [140.48057174682617, 3.6093385368585587, 2.939354732632637, 2.943094715476036, 2.9380714744329453, 2.9375393241643906, 2.9383719712495804, 2.94499671459198, 2.936802327632904, 2.9388289749622345], "tp_overtime": [1420, 75, 29, 8, 3, 3, 3, 3, 3, 0], "fp_overtime": [1649, 19, 1, 1, 1, 1, 1, 1, 1, 0]}