{"accuracy_each_epoch": [66.04791666666667, 69.0625, 71.93541666666667, 74.6375, 76.21041666666667, 78.04375, 78.12916666666668, 78.76875, 78.36874999999999, 79.3, 79.86041666666667, 79.03958333333333, 79.26041666666667, 79.75625, 78.20416666666667, 78.5875, 79.19583333333333, 78.64999999999999, 77.90833333333333, 80.29375, 78.9, 80.16666666666666, 80.21666666666667, 76.725, 78.24375, 78.19791666666667, 78.96875, 76.84583333333333, 77.98333333333333, 76.84583333333333, 77.03125, 78.64375, 77.53958333333333, 79.1875, 76.77916666666667, 77.86874999999999, 79.65208333333334, 79.07916666666667, 77.18333333333334, 78.425, 77.31041666666667, 77.74166666666666, 78.64791666666666, 78.00833333333334, 77.67500000000001, 78.51875, 76.87083333333334, 77.68333333333334, 78.5625, 77.55416666666667, 77.66666666666666, 78.32708333333333, 77.16041666666666, 77.52916666666667, 77.575, 78.33333333333333, 78.1375, 77.77291666666667, 76.59166666666667, 79.07083333333334, 78.23125, 76.59166666666667, 77.05, 77.00833333333334, 78.84375, 77.20625, 78.38541666666666, 77.025, 78.19166666666668, 77.575, 78.30625, 79.01041666666667, 77.99583333333334, 77.9625, 78.18333333333334, 78.22916666666667, 78.7625, 78.9, 77.45625000000001, 78.19791666666667, 77.10625, 78.53125, 77.32708333333333, 79.425, 78.04375, 77.03541666666666, 78.25625000000001, 77.4125, 77.33333333333333, 76.35416666666667, 74.50625, 77.65833333333333, 78.21875, 77.33125, 77.40833333333333, 77.37708333333333, 77.10208333333334, 78.31875000000001, 78.62083333333332, 78.725], "training_loss_each_epoch": [-0.00033595996478652523, -0.0006125626960056252, -0.0007217439142550575, -0.0007891240902608843, -0.0008904748556233244, -0.0010065888254757738, -0.0010737676475400804, -0.0011591775892156875, -0.0012403071359585738, -0.0013504672388080508, -0.0013583288273366634, -0.001409714999681455, -0.0014436998153541936, -0.0014444022745010443, -0.0014756053824385162, -0.0014952612273191335, -0.0014908781631675083, -0.0015964193917170633, -0.0015673263333155774, -0.0016218637374549871, -0.0015708184473623987, -0.0016523208723810967, -0.0016542879457119852, -0.0016227729993261164, -0.0015227172607410466, -0.0016510722343809903, -0.0015444380478584208, -0.00165712031412113, -0.0017175445154862246, -0.0016382994672312634, -0.0016523597678315127, -0.0016577861551922979, -0.0017334218482574215, -0.001682273055848782, -0.0017192253853863804, -0.0016732455351302633, -0.0016795759001979604, -0.0017074748921004357, -0.0017024640619638376, -0.0017325156841252465, -0.001698621086688945, -0.0017249717566301115, -0.001740766450893716, -0.001741293162922375, -0.0016550846412428655, -0.0017334243184450315, -0.0017300250201515155, -0.0017504020124761155, -0.0017497244971309556, -0.001797707782316138, -0.0017632142498769099, -0.0017590284296602476, -0.0017432948752684752, -0.0016875572991921217, -0.0017437502519896952, -0.0018312192787561798, -0.0018353235100221355, -0.0018119020460289903, -0.0018014079687418416, -0.001761117151545477, -0.0018158713010052452, -0.0017614387870708015, -0.0017738277783792, -0.0017599763741600327, -0.0018263504152855603, -0.0018261423210788053, -0.0017725462857924867, -0.0017500548874522792, -0.0018165978744946187, -0.0018792634982673917, -0.001884710738522699, -0.0017968910415220307, -0.0018702100242080633, -0.0018038347461697413, -0.001872392535005929, -0.001852305163993151, -0.0018931563736259704, -0.001886266732981312, -0.0018840163847926306, -0.0018969480643136194, -0.0019020884938072413, -0.001800021525923512, -0.0018639845220604911, -0.001871456301159924, -0.00187644164179801, -0.0018922836388810538, -0.0018038561029243283, -0.0018963619331771042, -0.0018957196352857864, -0.0018652174912858754, -0.0017925858956004959, -0.0017881366329675075, -0.0019083925053564599, -0.0018159892279072665, -0.0018883767752413405, -0.0019086469856119948, -0.0018963960374094313, -0.001893849641419365, -0.0019474090258881915, -0.0019100612771580927], "testing_loss_each_epoch": [-0.0001266843446501298, -0.00016531332130398368, -0.00018965165691042785, -0.00022436638209910598, -0.00025463392012170516, -0.00029843321681255475, -0.0003138595766358776, -0.0003519763722579228, -0.0003494976153888274, -0.0003825940548267681, -0.00035693574136530515, -0.00040711052861297503, -0.00041546648026269395, -0.0004131542573304614, -0.0003858844665955985, -0.00044163283382658847, -0.0004257481050444767, -0.00044968809379497543, -0.00044425025407690555, -0.0003128600110358093, -0.00045270930058904923, -0.00042371292693133, -0.00039166834358184133, -0.00045549729838967323, -0.00046879504589014687, -0.00040890897616918664, -0.00043984894182358403, -0.0004685080966737587, -0.00047176745283650234, -0.00043615115646389313, -0.00045665390280191787, -0.0004549210279947147, -0.0004295791768527124, -0.0003977473625127459, -0.0004416694773681229, -0.00045205294190964196, -0.00036575398735294584, -0.0004021704044134822, -0.00044354125566314906, -0.00046889204531908035, -0.00047881374484859407, -0.00046644579924759455, -0.0004789269369211979, -0.000480899525427958, -0.00046914357153582387, -0.0005005383427487686, -0.0004981214569852455, -0.00047668555089330766, -0.0004820798712898977, -0.0004811647031601751, -0.0004978982215106953, -0.0004674611427617492, -0.0004597400584316347, -0.0004568462991301203, -0.0004988479213352548, -0.0004768849757965654, -0.0004873591497016605, -0.0005050318741268711, -0.0005096648310427554, -0.0004745357273350237, -0.000482060026115505, -0.0004458978582988493, -0.0004872535209869966, -0.0004984875340596773, -0.0004388875804579584, -0.0005090607974125305, -0.0004922166499454761, -0.0004886768983851653, -0.0004967187378497329, -0.0005032345161453122, -0.0004992147369193844, -0.0004633532189473044, -0.00048808037900016643, -0.0004878702020505443, -0.00048186945787165314, -0.0004911455762339756, -0.0004820644717256073, -0.0004335009689384606, -0.0005087375757284462, -0.0004903046938125044, -0.0005014235503040254, -0.00047912726404319983, -0.00047531966265523806, -0.0003942710791307036, -0.0005090901577204932, -0.0005059883951616939, -0.0005069779490440851, -0.0004997090418328298, -0.0004938818674418144, -0.0004826105523534352, -0.000364921377695282, -0.000495422895255615, -0.0004847162817895878, -0.0005196346282900777, -0.0005001156969228759, -0.0004934962780680507, -0.0005074588352727005, -0.0004623973072739318, -0.0004888552648480982, -0.00047816773258091416], "tp_overtime": [13622, 13511, 12422, 9738, 10522, 9705, 8977, 8584, 8310, 8441, 9061, 8130, 8275, 8586, 7377, 7578, 7987, 7513, 7106, 9502, 7668, 8614, 8842, 6130, 7144, 7219, 7789, 6287, 7001, 6295, 6306, 7416, 6651, 7790, 6114, 6831, 8299, 7675, 6291, 7306, 6490, 6768, 7281, 6797, 6727, 7164, 6167, 6575, 7226, 6579, 6626, 7005, 6346, 6560, 6527, 7064, 6965, 6654, 5903, 7501, 6949, 6046, 6157, 6167, 7402, 6297, 7065, 6170, 6993, 6572, 6929, 7455, 6816, 6786, 6960, 6934, 7231, 7462, 6435, 6899, 6210, 7136, 6392, 7883, 6767, 6188, 6930, 6394, 6414, 5780, 4730, 6549, 6892, 6299, 6383, 6370, 6158, 6965, 7128, 7264], "fp_overtime": [13442, 11884, 9416, 5435, 5464, 3767, 2998, 2298, 2216, 1900, 2251, 1714, 1753, 1826, 1362, 1379, 1496, 1284, 1233, 2484, 1319, 1657, 1861, 825, 1110, 1207, 1407, 924, 1092, 932, 854, 1190, 955, 1303, 783, 977, 1589, 1240, 766, 1185, 904, 975, 1053, 876, 966, 998, 792, 810, 1039, 876, 869, 931, 832, 869, 814, 987, 982, 846, 662, 1070, 921, 805, 696, 726, 1080, 761, 963, 721, 984, 859, 865, 1053, 901, 887, 955, 907, 948, 1113, 779, 887, 722, 964, 798, 1282, 829, 734, 890, 759, 817, 653, 490, 796, 870, 703, 750, 752, 672, 895, 913, 999]}