{"accuracy_each_epoch": [69.48958333333334], "training_loss_each_epoch": [25.15379197895527], "testing_loss_each_epoch": [33.814369678497314], "tp_overtime": [3282], "fp_overtime": [1450]}