{"accuracy_each_epoch": [66.51458333333333, 66.56041666666667, 66.64166666666667, 66.3875, 66.33125, 66.09791666666666, 65.67291666666667, 65.675, 65.7625, 67.45, 65.67291666666667, 65.67291666666667, 65.67291666666667, 65.67291666666667, 65.67291666666667, 65.67291666666667, 65.67291666666667, 65.67291666666667, 65.67291666666667, 65.67291666666667, 65.67291666666667, 65.67291666666667, 65.67291666666667, 65.67291666666667, 65.67291666666667], "training_loss_each_epoch": [109.64747408032417, 14.911081090569496, 14.82319475710392, 14.51027663052082, 14.565247178077698, 14.366079658269882, 14.170254051685333, 13.95997241139412, 13.953693330287933, 13.865513265132904, 14.325802147388458, 14.763472616672516, 13.865381926298141, 13.865381926298141, 13.865381926298141, 13.865381926298141, 13.865381926298141, 13.86534434556961, 13.865381926298141, 13.86534434556961, 13.86534434556961, 13.865381926298141, 13.86534434556961, 13.865381926298141, 13.86534434556961, 13.865381926298141, 13.86534434556961, 13.865381926298141], "testing_loss_each_epoch": [635.7667808532715, 672.7153854370117, 671.5172882080078, 675.7010765075684, 677.188060760498, 682.3730049133301, 691.3932075500488, 691.3433532714844, 689.561164855957, 656.5723762512207, 691.4666290283203, 691.4666290283203, 691.4666290283203, 691.4666290283203, 691.4666290283203, 691.4666290283203, 691.4666290283203, 691.4666290283203, 691.4666290283203, 691.4666290283203, 691.4666290283203, 691.4666290283203, 691.4666290283203, 691.4666290283203, 691.4666290283203], "tp_overtime": [437, 456, 502, 366, 338, 217, 0, 1, 43, 975, 0, 0, 0, 0, 0, 0, 0, 0, 0, 0, 0, 0, 0, 0, 0], "fp_overtime": [33, 30, 37, 23, 22, 13, 0, 0, 0, 122, 0, 0, 0, 0, 0, 0, 0, 0, 0, 0, 0, 0, 0, 0, 0]}